{
  "labels": [
    "2022",
    "2023",
    "2024",
    "2025",
    "2026"
  ],
  "datasets": {
    "Imobiliário": [
      3883788.51,
      5244747.5,
      4002147.56,
      5302278.52,
      1055400.26
    ],
    "Capitalização": [
      90000.0,
      7520251.09,
      1760787.6,
      4147954.93,
      812623.81
    ],
    "Fiança": [
      3175215.7600000002,
      1665361.9,
      1154526.32,
      2212380.75,
      431870.97000000003
    ],
    "Condomínio": [
      0.0,
      1986587.13,
      1944523.58,
      0.0,
      0.0
    ],
    "Conteúdo": [
      0.0,
      907210.47,
      838999.11,
      0.0,
      0.0
    ],
    "Vida": [
      238683.3,
      645051.61,
      249247.06,
      50790.2,
      11531.5
    ]
  }
}